City_ID,City,Lat,Lng,Max Temp,Humidity,Cloudiness,Wind Speed,Country,Current Description
0,Punta Arenas,-53.15,-70.9167,35.71,93,20,8.03,CL,few clouds
1,Bambous Virieux,-20.3428,57.7575,74.21,83,75,8.84,MU,broken clouds
2,New Norfolk,-42.7826,147.0587,46.65,66,64,1.01,AU,broken clouds
3,Sunrise Manor,36.2111,-115.0731,97.45,16,1,5.75,US,clear sky
4,Rikitea,-23.1203,-134.9692,75.33,80,100,10.11,PF,overcast clouds
5,Necochea,-38.5473,-58.7368,56.03,48,75,13.33,AR,broken clouds
6,Mataura,-46.1927,168.8643,49.48,95,57,1.45,NZ,broken clouds
7,Port Elizabeth,-33.918,25.5701,62.89,77,0,8.05,ZA,clear sky
8,Ushuaia,-54.8,-68.3,33.42,93,75,6.91,AR,broken clouds
9,Port Hardy,50.6996,-127.4199,50.18,93,75,5.75,CA,light rain
10,Kaitangata,-46.2817,169.8464,45.93,78,100,5.88,NZ,overcast clouds
11,Vila Franca Do Campo,37.7167,-25.4333,68.41,69,78,5.14,PT,broken clouds
12,Bandarbeyla,9.4942,50.8122,80.38,82,100,26.71,SO,overcast clouds
13,Biak,-0.9131,122.8766,76.53,81,95,6.08,ID,overcast clouds
14,Swan Hill,-35.3378,143.5544,51.8,63,72,7.67,AU,broken clouds
15,Atar,20.5169,-13.0499,102.81,14,55,20.62,MR,broken clouds
16,Ko Samui,9.5357,99.9357,84.56,71,100,15.5,TH,overcast clouds
17,Yellowknife,62.456,-114.3525,59.29,77,75,0.0,CA,broken clouds
18,Huarmey,-10.0681,-78.1522,70.14,72,38,10.6,PE,scattered clouds
19,Oyon,-10.6681,-76.7731,55.17,53,22,2.73,PE,few clouds
20,Menongue,-14.6585,17.691,68.88,23,35,5.3,AO,scattered clouds
21,Cape Town,-33.9258,18.4232,66.61,40,0,3.53,ZA,clear sky
22,Port Lincoln,-34.7333,135.8667,58.05,91,54,12.06,AU,broken clouds
23,Jamestown,42.097,-79.2353,82.09,47,1,20.71,US,clear sky
24,Biltine,14.5333,20.9167,104.54,9,61,14.83,TD,broken clouds
25,Tuktoyaktuk,69.4541,-133.0374,33.8,86,90,11.5,CA,overcast clouds
26,Busselton,-33.65,115.3333,56.08,76,12,10.85,AU,few clouds
27,Georgetown,5.4112,100.3354,80.53,92,40,3.0,MY,moderate rain
28,Vaini,-21.2,-175.2,66.36,88,20,2.3,TO,few clouds
29,Saskylakh,71.9167,114.0833,36.79,77,96,5.55,RU,overcast clouds
30,Tasiilaq,65.6145,-37.6368,36.75,98,100,7.49,GL,light rain
31,Troitsko-Pechorsk,62.7084,56.1964,73.4,36,34,6.89,RU,scattered clouds
32,Bredasdorp,-34.5322,20.0403,63.72,68,0,2.89,ZA,clear sky
33,Airai,-8.9266,125.4092,57.74,92,79,3.13,TL,broken clouds
34,Piacabucu,-10.4056,-36.4344,79.66,78,7,14.36,BR,clear sky
35,Khani,41.9563,42.9566,58.57,89,97,3.53,GE,overcast clouds
36,Kasongo-Lunda,-6.4667,16.8167,86.18,35,73,4.23,CD,broken clouds
37,Palmeira Das Missoes,-27.8994,-53.3136,77.54,45,30,15.21,BR,scattered clouds
38,Port Hawkesbury,45.6169,-61.3485,80.91,65,20,6.91,CA,few clouds
39,Alyangula,-13.8483,136.4192,60.67,100,19,9.73,AU,few clouds
40,Arman,59.7,150.1667,40.41,95,100,9.04,RU,light rain
41,Clyde River,70.4692,-68.5914,30.43,93,90,16.11,CA,light snow
42,Olafsvik,64.8945,-23.7142,47.75,89,100,7.61,IS,light rain
43,Savannah Bight,16.45,-85.85,89.65,79,12,19.64,HN,few clouds
44,Bluff,-46.6,168.3333,49.8,65,90,8.99,NZ,overcast clouds
45,Longyearbyen,78.2186,15.6401,33.28,83,62,7.05,SJ,broken clouds
46,Avarua,-21.2078,-159.775,73.45,94,75,10.36,CK,light rain
47,Albany,42.6001,-73.9662,86.18,58,16,1.01,US,few clouds
48,Tuatapere,-46.1333,167.6833,49.82,90,6,4.21,NZ,clear sky
49,Qaanaaq,77.484,-69.3632,37.71,81,100,5.21,GL,overcast clouds
50,Flinders,-34.5833,150.8552,53.19,53,99,5.01,AU,overcast clouds
51,Yulara,-25.2406,130.9889,49.84,57,0,4.61,AU,clear sky
52,Markova,48.6758,24.4138,62.19,84,100,2.06,UA,overcast clouds
53,Pimentel,-6.8367,-79.9342,70.09,83,90,3.0,PE,overcast clouds
54,Metkovic,43.0542,17.6483,77.47,51,45,3.02,HR,scattered clouds
55,Terrace,54.5163,-128.6035,49.42,87,75,19.57,CA,light rain
56,Thompson,55.7435,-97.8558,51.96,82,75,8.05,CA,broken clouds
57,Cabo San Lucas,22.8909,-109.9124,95.81,43,0,5.75,MX,clear sky
58,Hobart,-42.8794,147.3294,47.01,73,40,4.0,AU,scattered clouds
59,Port Alfred,-33.5906,26.891,61.88,81,0,13.69,ZA,clear sky
60,Hilo,19.7297,-155.09,71.8,73,75,4.61,US,broken clouds
61,Hamilton,39.1834,-84.5333,84.99,54,1,1.01,US,clear sky
62,Atuona,-9.8,-139.0333,78.33,76,91,13.0,PF,overcast clouds
63,Labuhan,-6.8844,112.2051,80.11,81,59,6.42,ID,broken clouds
64,Hermanus,-34.4187,19.2345,58.8,59,0,4.38,ZA,clear sky
65,Praia,14.9215,-23.5087,84.74,45,0,26.46,CV,clear sky
66,Lagoa,39.05,-27.9833,62.92,81,0,0.56,PT,clear sky
67,East London,-33.0153,27.9116,63.54,77,0,6.91,ZA,clear sky
68,Kodiak,57.79,-152.4072,51.31,54,20,8.05,US,few clouds
69,Scottsbluff,41.8666,-103.6672,88.79,39,1,3.0,US,clear sky
70,Redcar,54.6166,-1.06,71.06,73,47,5.82,GB,scattered clouds
71,Nara,34.6851,135.8049,67.5,62,100,0.72,JP,overcast clouds
72,Chuy,-33.6971,-53.4616,65.79,95,100,7.25,UY,heavy intensity rain
73,Carnarvon,-24.8667,113.6333,60.87,82,98,4.61,AU,overcast clouds
74,Kapaa,22.0752,-159.319,75.52,74,20,13.6,US,few clouds
75,Grand Gaube,-20.0064,57.6608,74.37,82,6,1.99,MU,clear sky
76,Dzhida,50.6772,106.1806,66.97,61,74,2.93,RU,light rain
77,Hithadhoo,-0.6,73.0833,83.21,74,100,13.62,MV,overcast clouds
78,Santo Domingo,18.5001,-69.9886,87.93,70,40,5.01,DO,scattered clouds
79,Tukrah,32.5341,20.5791,73.49,56,10,14.88,LY,clear sky
80,Ribeira Grande,38.5167,-28.7,70.2,78,20,10.36,PT,few clouds
81,Sisimiut,66.9395,-53.6735,39.24,91,100,6.31,GL,overcast clouds
82,Moose Factory,51.2585,-80.6094,48.2,71,1,10.36,CA,clear sky
83,Plettenberg Bay,-34.0527,23.3716,61.83,55,0,5.28,ZA,clear sky
84,Kaputa,-8.4689,29.6619,73.4,61,22,13.22,ZM,few clouds
85,Taoudenni,22.6783,-3.9836,117.01,4,10,8.9,ML,clear sky
86,North Bend,43.4065,-124.2243,57.85,94,90,9.22,US,overcast clouds
87,Coahuayana,18.7333,-103.6833,85.48,49,100,4.56,MX,overcast clouds
88,Khatanga,71.9667,102.5,32.83,89,98,6.64,RU,overcast clouds
89,Sao Joao Da Barra,-21.6403,-41.0511,78.89,74,12,5.61,BR,few clouds
90,Leningradskiy,69.3833,178.4167,33.51,94,100,10.04,RU,overcast clouds
91,Chokurdakh,70.6333,147.9167,49.5,78,98,8.63,RU,light rain
92,Wyndham,37.6985,-77.6125,90.21,49,1,1.01,US,clear sky
93,Ishigaki,24.3448,124.1572,80.22,89,100,14.23,JP,overcast clouds
94,Upernavik,72.7868,-56.1549,37.54,83,57,2.73,GL,broken clouds
95,San Cristobal,7.7669,-72.225,80.78,56,90,6.55,VE,overcast clouds
96,Mongo,12.1844,18.693,99.09,18,97,2.75,TD,overcast clouds
97,Cidreira,-30.1811,-50.2056,77.49,58,0,5.97,BR,clear sky
98,Sitka,57.0531,-135.33,48.09,87,75,0.0,US,broken clouds
99,Ixtapa,20.7,-105.2,90.01,44,63,3.83,MX,broken clouds
100,Tamiahua,21.2667,-97.45,85.35,64,98,2.21,MX,overcast clouds
101,Puerto Ayora,-0.7393,-90.3518,76.96,84,98,7.0,EC,overcast clouds
102,Xenia,39.6848,-83.9296,83.91,52,1,8.05,US,clear sky
103,Cape Canaveral,28.4058,-80.6048,88.21,73,1,12.66,US,clear sky
104,Severo-Kurilsk,50.6789,156.125,41.9,95,100,22.01,RU,moderate rain
105,San Patricio,28.017,-97.5169,84.07,65,3,6.96,US,clear sky
106,Butaritari,3.0707,172.7902,82.31,69,52,5.79,KI,broken clouds
107,Namibe,-15.1961,12.1522,77.65,54,1,5.7,AO,clear sky
108,Novita,4.9551,-76.6053,83.62,79,100,2.44,CO,moderate rain
109,Mar Del Plata,-38.0023,-57.5575,59.09,44,0,5.99,AR,clear sky
110,Lucea,18.451,-78.1736,86.86,68,1,13.18,JM,clear sky
111,Mount Isa,-20.7333,139.5,62.37,39,68,10.36,AU,broken clouds
112,Castro,-24.7911,-50.0119,73.24,48,1,8.93,BR,clear sky
113,Carutapera,-1.195,-46.02,84.87,67,9,9.82,BR,clear sky
114,Talnakh,69.4865,88.3972,27.36,95,97,4.03,RU,overcast clouds
115,Torbay,47.6666,-52.7314,61.75,89,90,8.05,CA,mist
116,Ponta Do Sol,32.6667,-17.1,72.72,61,51,2.04,PT,broken clouds
117,Beloha,-25.1667,45.05,64.74,79,57,10.51,MG,broken clouds
118,Tabas,33.5959,56.9244,102.83,5,0,7.72,IR,clear sky
119,Billings,45.7833,-108.5007,81.37,58,40,10.36,US,scattered clouds
120,Chapais,49.7834,-74.8492,58.78,92,100,8.55,CA,overcast clouds
121,Banda Aceh,5.5577,95.3222,79.95,79,100,11.34,ID,overcast clouds
122,Nelson Bay,-32.7167,152.15,51.01,63,83,14.61,AU,broken clouds
123,Bethel,41.3712,-73.414,87.89,65,1,1.99,US,clear sky
124,San Quintin,30.4833,-115.95,66.15,68,11,7.74,MX,few clouds
125,Woodstock,43.1334,-80.7497,82.87,47,56,8.99,CA,broken clouds
126,Saint-Augustin,51.226,-58.6502,52.0,79,98,11.18,CA,overcast clouds
127,Guerrero Negro,27.9769,-114.0611,69.62,58,5,11.03,MX,clear sky
128,Ayia Marina,37.75,23.5333,79.41,70,63,16.64,GR,broken clouds
129,Sola,-13.8833,167.55,74.07,94,20,0.0,VU,few clouds
130,Barrow,71.2906,-156.7887,30.22,93,90,8.05,US,fog
131,Dikson,73.5069,80.5464,30.81,98,99,13.38,RU,light snow
132,Esperance,-33.8667,121.9,51.64,59,100,13.29,AU,overcast clouds
133,Vallenar,-28.5708,-70.7581,70.54,47,0,4.18,CL,clear sky
134,Christchurch,-43.5333,172.6333,56.91,77,100,1.99,NZ,light rain
135,Faya,18.3851,42.4509,78.91,53,16,9.15,SA,few clouds
136,Vigrestad,58.5667,5.7,66.96,71,100,2.98,NO,light rain
137,Salalah,17.0151,54.0924,82.62,84,98,9.44,OM,overcast clouds
138,Srandakan,-7.9386,110.2506,63.73,90,90,4.54,ID,overcast clouds
139,Bentiu,9.2333,29.8333,86.23,51,85,12.62,SS,light rain
140,Yar-Sale,66.8333,70.8333,44.42,60,72,12.21,RU,broken clouds
141,Ust-Tsilma,65.441,52.1498,66.58,49,95,12.64,RU,overcast clouds
142,Berlevag,70.8578,29.0864,42.51,74,82,17.94,NO,broken clouds
143,Spornoye,50.8448,37.2913,60.82,87,98,6.35,RU,light rain
144,Yaan,7.3833,8.5667,80.58,71,79,9.22,NG,broken clouds
145,Salitrillo,19.4333,-99.85,59.41,52,90,3.2,MX,overcast clouds
146,Haripur,34.0,72.9341,88.75,41,19,6.17,PK,few clouds
147,Nikolskoye,59.7035,30.7861,75.4,48,75,4.09,RU,broken clouds
148,Coihaique,-45.5752,-72.0662,44.55,57,40,4.61,CL,scattered clouds
149,Along,28.1667,94.7667,71.15,98,99,0.63,IN,overcast clouds
150,Padina,45.1181,20.7272,82.89,40,14,2.39,RS,few clouds
151,Westport,41.1415,-73.3579,88.29,69,34,1.99,US,scattered clouds
152,Ewa Beach,21.3156,-158.0072,75.15,69,1,8.99,US,clear sky
153,Jati,24.3539,68.2671,87.4,63,0,16.44,PK,clear sky
154,Wagar,16.1525,36.2032,104.11,15,3,3.49,SD,clear sky
155,Sangmelima,2.9333,11.9833,70.65,94,100,2.86,CM,overcast clouds
156,Ciudad Bolivar,8.1222,-63.5497,86.16,63,89,5.61,VE,overcast clouds
157,La Rioja,42.25,-2.5,69.58,48,87,5.88,ES,overcast clouds
158,Coquimbo,-29.9533,-71.3436,60.53,77,75,3.69,CL,broken clouds
159,Shimoda,34.6667,138.95,71.17,86,98,14.29,JP,light rain
160,Saint-Philippe,-21.3585,55.7679,74.75,84,45,4.74,RE,light rain
161,Pangnirtung,66.1451,-65.7125,37.4,87,75,14.97,CA,broken clouds
162,Agadez,19.75,10.25,106.9,7,36,14.74,NE,scattered clouds
163,Kommunisticheskiy,61.6789,64.4819,69.8,40,80,5.01,RU,broken clouds
164,Provideniya,64.3833,-173.3,36.19,94,100,3.24,RU,overcast clouds
165,Orlik,52.5178,99.825,57.78,71,100,4.9,RU,overcast clouds
166,Camabatela,-8.1881,15.375,74.79,37,100,4.12,AO,overcast clouds
167,Mwinilunga,-11.7358,24.4293,67.87,47,27,5.41,ZM,scattered clouds
168,Axim,4.8699,-2.2405,83.34,70,57,11.88,GH,light rain
169,Iskateley,67.6803,53.1512,48.24,67,100,13.33,RU,overcast clouds
170,East Liverpool,40.6187,-80.5773,85.35,54,1,1.01,US,clear sky
171,Haines Junction,60.7522,-137.5108,49.95,57,92,11.5,CA,overcast clouds
172,Dingle,10.9995,122.6711,77.2,90,41,2.55,PH,light rain
173,Atherton,53.5237,-2.4935,73.11,48,60,7.56,GB,broken clouds
174,Broken Hill,-31.95,141.4333,46.11,87,2,4.61,AU,clear sky
175,Pangkalanbuun,-2.6833,111.6167,78.06,87,64,3.0,ID,broken clouds
176,Nome,64.5011,-165.4064,33.87,86,90,5.75,US,light snow
177,Avera,33.194,-82.5271,87.85,68,100,4.25,US,overcast clouds
178,Ahipara,-35.1667,173.1667,59.61,82,100,17.29,NZ,moderate rain
179,Ancud,-41.8697,-73.8203,49.23,73,80,2.15,CL,broken clouds
180,Klyuchi,52.2667,79.1667,52.59,51,12,6.53,RU,few clouds
181,Mahebourg,-20.4081,57.7,74.25,83,75,5.75,MU,broken clouds
182,Mandalgovi,45.7625,106.2708,69.8,25,100,17.29,MN,overcast clouds
183,Meulaboh,4.1363,96.1285,77.36,84,100,3.47,ID,overcast clouds
184,Chunhuhub,19.55,-88.6833,92.59,45,91,6.15,MX,overcast clouds
185,Pevek,69.7008,170.3133,40.1,95,100,8.3,RU,overcast clouds
186,Tiksi,71.6872,128.8694,32.34,82,100,1.3,RU,overcast clouds
187,Grand-Lahou,5.1367,-5.0242,83.89,72,87,10.94,CI,overcast clouds
188,Balkanabat,39.5108,54.3671,80.8,39,0,10.71,TM,clear sky
189,Galle,6.0367,80.217,80.19,84,90,12.59,LK,overcast clouds
190,Wanning,18.8003,110.3967,77.5,89,100,2.01,CN,overcast clouds
191,Bertoua,4.5833,13.6833,74.44,82,80,5.12,CM,broken clouds
192,Hangu,39.2489,117.7892,80.64,33,27,4.97,CN,light rain
193,Katsuura,35.1333,140.3,72.1,89,96,9.84,JP,overcast clouds
194,Kavaratti,10.5669,72.642,82.76,77,100,13.65,IN,overcast clouds
195,Inhambane,-23.865,35.3833,69.78,56,20,14.0,MZ,few clouds
196,Marzuq,14.4,46.4667,86.43,26,70,10.56,YE,broken clouds
197,Opuwo,-18.0607,13.84,73.56,17,0,10.02,NA,clear sky
198,Qingquan,30.4511,115.2559,70.16,67,0,2.89,CN,light rain
199,Cairns,-16.9167,145.7667,67.95,82,40,8.05,AU,scattered clouds
200,Te Anau,-45.4167,167.7167,39.13,91,24,1.83,NZ,few clouds
201,Geraldton,-28.7667,114.6,50.41,87,0,7.4,AU,clear sky
202,Vawkavysk,53.1561,24.4513,71.29,71,62,7.07,BY,broken clouds
203,Nanortalik,60.1432,-45.2371,45.97,65,99,11.79,GL,overcast clouds
204,Lulea,65.5842,22.1547,71.67,49,0,6.91,SE,clear sky
205,Quesnel,52.9999,-122.5029,54.1,66,90,3.44,CA,overcast clouds
206,Ulladulla,-35.35,150.4667,52.7,65,69,6.69,AU,broken clouds
207,Grabouw,-34.1515,19.0151,63.0,43,0,2.01,ZA,clear sky
208,Babati,-4.2167,35.75,64.56,63,94,3.56,TZ,overcast clouds
209,Wahiawa,21.5028,-158.0236,71.92,76,59,10.33,US,broken clouds
210,Shingu,33.7333,135.9833,67.17,87,100,5.64,JP,overcast clouds
211,Vestmannaeyjar,63.4427,-20.2734,47.39,100,90,23.02,IS,mist
212,Portland,45.5234,-122.6762,61.81,72,75,1.01,US,broken clouds
213,Bengkulu,-3.8004,102.2655,76.51,91,22,4.7,ID,few clouds
214,Marsh Harbour,26.5412,-77.0636,79.81,78,93,15.1,BS,overcast clouds
215,Makueni,-1.8041,37.6203,67.46,64,64,2.59,KE,broken clouds
216,Manado,1.487,124.8455,83.17,69,20,4.09,ID,few clouds
217,Luderitz,-26.6481,15.1594,69.46,42,0,8.39,NA,clear sky
218,Porto Santo,33.072,-16.3415,71.51,64,40,16.11,PT,scattered clouds
219,Souillac,-20.5167,57.5167,74.35,83,75,7.74,MU,broken clouds
220,Noumea,-22.2763,166.4572,73.99,99,100,14.72,NC,overcast clouds
221,Khanpur,28.6453,70.6567,93.4,38,19,16.89,PK,few clouds
222,Kruisfontein,-34.0033,24.7314,58.89,46,0,7.7,ZA,clear sky
223,Oranjestad,12.524,-70.027,87.75,66,75,24.16,AW,broken clouds
224,Vaitape,-16.5167,-151.75,80.83,73,99,8.39,PF,overcast clouds
225,Arraial Do Cabo,-22.9661,-42.0278,80.56,65,20,18.41,BR,few clouds
226,Marrakesh,31.6315,-8.0083,87.87,29,20,8.05,MA,few clouds
227,Sorland,67.667,12.6934,48.83,85,19,14.88,NO,few clouds
228,Mykhaylivka,47.2724,35.2224,68.27,70,99,6.93,UA,overcast clouds
229,Lewiston,44.1003,-70.2148,86.41,55,1,10.36,US,clear sky
230,Lasa,46.6166,10.7002,70.63,72,54,3.0,IT,light rain
231,Constitucion,-35.3333,-72.4167,56.48,54,61,9.51,CL,broken clouds
232,Fortuna,40.5982,-124.1573,65.48,64,1,1.99,US,clear sky
233,Hambantota,6.1241,81.1185,80.94,89,0,14.74,LK,clear sky
234,Touros,-5.1989,-35.4608,86.9,59,17,16.71,BR,few clouds
235,Havre-Saint-Pierre,50.2334,-63.5986,61.16,67,75,11.5,CA,broken clouds
236,Mogadishu,2.0371,45.3438,79.39,82,66,15.21,SO,broken clouds
237,Nanakuli,21.3906,-158.1547,75.15,73,1,13.33,US,clear sky
238,Romilly-Sur-Seine,48.5108,3.7263,64.78,85,99,5.28,FR,overcast clouds
239,Bronnoysund,65.4625,12.1997,64.4,68,2,10.36,NO,clear sky
240,Skjervoy,70.0311,20.9714,45.37,79,9,6.33,NO,clear sky
241,Saint-Francois,46.4154,3.9054,62.19,88,90,4.61,FR,overcast clouds
242,Kushiro,42.975,144.3747,56.12,79,53,17.58,JP,broken clouds
243,Quatre Cocos,-20.2078,57.7625,74.08,74,18,8.19,MU,few clouds
244,Virginia Beach,36.8529,-75.978,86.05,74,75,3.44,US,broken clouds
245,Gumla,23.05,84.55,82.24,59,32,0.72,IN,scattered clouds
246,Spisska Bela,49.1872,20.4595,66.22,82,85,3.38,SK,overcast clouds
247,Mattru,7.6244,-11.8332,82.74,80,98,4.25,SL,moderate rain
248,Lorengau,-2.0226,147.2712,80.55,80,68,4.23,PG,broken clouds
249,Poum,-20.2333,164.0167,73.85,80,100,18.86,NC,overcast clouds
250,Sao Filipe,14.8961,-24.4956,78.19,63,19,15.1,CV,few clouds
251,Klaksvik,62.2266,-6.589,52.72,91,54,12.46,FO,broken clouds
252,Belyy Yar,53.6039,91.3903,44.49,87,75,10.54,RU,light rain
253,Sinnamary,5.3833,-52.95,82.29,77,58,11.27,GF,moderate rain
254,Moscow,55.7522,37.6156,68.52,59,79,8.55,RU,broken clouds
255,Kawalu,-7.3817,108.2082,74.91,94,89,1.01,ID,overcast clouds
256,Petropavlovsk-Kamchatskiy,53.0452,158.6483,39.79,100,90,17.54,RU,light rain
257,Iqaluit,63.7506,-68.5145,33.53,93,75,8.01,CA,light snow
258,Sarata,46.0197,29.6657,70.34,53,92,3.04,UA,overcast clouds
259,Saint George,37.1041,-113.5841,95.47,18,3,1.99,US,clear sky
260,Diego De Almagro,-26.3667,-70.05,70.74,35,69,4.63,CL,broken clouds
261,Yadgir,16.7667,77.1333,87.17,53,95,6.44,IN,moderate rain
262,Synya,65.3718,58.0387,59.32,59,78,2.71,RU,broken clouds
263,Nhulunbuy,-12.2333,136.7667,74.01,78,53,9.22,AU,broken clouds
264,Vuktyl,63.8567,57.3094,67.89,45,81,7.65,RU,broken clouds
265,Chernukha,55.5974,43.7556,63.41,79,40,8.19,RU,scattered clouds
266,Saint-Denis,48.9167,2.3333,70.93,72,90,1.01,FR,overcast clouds
267,Fairbanks,64.8378,-147.7164,54.82,72,1,4.61,US,clear sky
268,Crixas,-14.5489,-49.9692,90.45,29,98,10.18,BR,overcast clouds
269,Assemini,39.2915,9.0015,79.09,67,0,1.99,IT,clear sky
270,Vao,-22.6667,167.4833,72.27,79,100,23.53,NC,overcast clouds
271,Lebu,-37.6167,-73.65,52.3,70,81,9.44,CL,broken clouds
272,Chimbote,-9.0853,-78.5783,68.83,75,68,9.22,PE,broken clouds
273,Maniitsoq,65.4167,-52.9,38.39,96,100,11.61,GL,overcast clouds
274,Nioro,13.35,-15.75,103.41,23,69,8.5,GM,broken clouds
275,Amga,60.8953,131.9608,57.11,60,89,3.04,RU,overcast clouds
276,Katobu,-4.9408,122.5276,75.4,86,40,5.39,ID,scattered clouds
277,Henties Bay,-22.116,14.2845,73.45,39,0,6.82,NA,clear sky
278,Torres,-29.3353,-49.7269,80.62,55,1,6.51,BR,clear sky
279,Balikpapan,-1.2675,116.8289,77.86,87,25,3.85,ID,scattered clouds
280,North Battleford,52.7834,-108.2847,64.49,77,1,13.8,CA,clear sky
281,Nantucket,41.2835,-70.0995,77.34,94,75,11.5,US,mist
282,Abonnema,4.7084,6.7931,86.29,83,100,2.15,NG,overcast clouds
283,Egvekinot,66.3167,-179.1667,31.84,84,97,1.23,RU,overcast clouds
284,Kivertsi,50.8343,25.4582,66.52,75,96,6.42,UA,overcast clouds
285,Deputatskiy,69.3,139.9,49.17,82,100,4.65,RU,overcast clouds
286,Ambanja,-13.6833,48.45,78.73,91,59,2.3,MG,moderate rain
287,Tabou,4.423,-7.3528,82.0,78,82,10.47,CI,light rain
288,Denpasar,-8.65,115.2167,82.06,89,40,6.02,ID,scattered clouds
289,Serrinha,-11.6642,-39.0075,86.49,38,43,12.19,BR,scattered clouds
290,Humboldt,40.6665,-123.9178,56.68,47,90,6.89,US,overcast clouds
291,Muli,2.9167,73.5667,83.48,77,87,14.14,MV,overcast clouds
292,Pasan,22.85,82.2,86.86,43,29,4.09,IN,scattered clouds
293,Kadhan,24.481,68.9859,87.04,63,0,18.37,PK,clear sky
294,Itarema,-2.9248,-39.9167,88.03,49,0,12.66,BR,clear sky
295,Conde,-7.2597,-34.9075,83.66,65,40,13.85,BR,scattered clouds
296,Jipapad,12.2861,125.2353,75.76,96,100,2.53,PH,overcast clouds
297,Ambam,2.3833,11.2833,86.16,88,69,2.46,CM,light rain
298,Camacha,33.0833,-16.3333,68.76,64,40,16.11,PT,scattered clouds
299,Ketchikan,55.3422,-131.6461,48.67,93,90,12.66,US,moderate rain
300,Alofi,-19.0595,-169.9187,71.49,73,78,8.05,NU,broken clouds
301,Atambua,-9.1061,124.8925,71.26,88,38,4.85,ID,scattered clouds
302,Dublin,37.7021,-121.9358,68.79,68,1,5.99,US,clear sky
303,Kavieng,-2.5744,150.7967,81.32,81,83,8.97,PG,moderate rain
304,Teodoro Sampaio,-22.5325,-52.1675,87.28,27,0,10.83,BR,clear sky
305,La Orilla,17.9833,-102.2333,87.33,57,73,5.1,MX,broken clouds
306,Kinshasa,-4.3246,15.3215,89.98,51,43,2.75,CD,scattered clouds
307,Comodoro Rivadavia,-45.8667,-67.5,48.06,53,0,13.8,AR,clear sky
308,Joshimath,30.5667,79.5667,64.83,69,84,3.98,IN,broken clouds
309,Goya,-29.14,-59.2626,73.51,57,96,7.47,AR,overcast clouds
310,Novikovo,51.1537,37.8879,56.66,93,99,5.93,RU,light rain
311,Puri,19.8,85.85,90.37,80,3,19.66,IN,clear sky
312,Puerto Escondido,15.85,-97.0667,86.27,65,100,2.64,MX,overcast clouds
313,Hecun,36.5333,114.1111,76.44,17,0,5.39,CN,light rain
314,Aranos,-24.1333,19.1167,61.63,28,0,10.89,NA,clear sky
315,Isangel,-19.55,169.2667,74.62,82,82,6.11,VU,light rain
316,Futtsu,35.3053,139.8186,73.27,89,96,6.69,JP,overcast clouds
317,Cockburn Town,21.4612,-71.1419,79.65,78,7,21.3,TC,clear sky
318,Aniva,46.7144,142.5294,48.31,90,11,11.86,RU,few clouds
319,Codajas,-3.8367,-62.0569,90.0,54,57,5.14,BR,broken clouds
320,Hami,42.8,93.45,77.09,32,100,4.81,CN,overcast clouds
321,Trairi,-3.2778,-39.2689,86.97,49,0,11.61,BR,clear sky
322,Port-Cartier,50.0334,-66.8654,48.92,98,100,1.74,CA,overcast clouds
323,Orebro,59.2741,15.2066,78.98,27,65,6.69,SE,broken clouds
324,Gamba,-2.65,10.0,80.24,77,61,8.79,GA,broken clouds
325,Ndende,-2.4008,11.3581,84.09,78,92,2.62,GA,light rain
326,Whitianga,-36.8333,175.7,60.03,85,100,11.7,NZ,moderate rain
327,Aklavik,68.2191,-135.0107,34.63,93,90,10.36,CA,light intensity drizzle
328,Conceicao Da Barra,-18.5933,-39.7322,77.49,80,38,7.05,BR,scattered clouds
329,Lashio,22.9333,97.75,69.69,93,53,0.87,MM,broken clouds
330,Saldanha,-33.0117,17.9442,75.25,50,0,9.8,ZA,clear sky
331,Pemba,-12.974,40.5178,81.3,65,40,8.01,MZ,scattered clouds
332,Solvychegodsk,61.3305,46.9156,74.46,48,53,3.6,RU,broken clouds
333,Paita,-5.0892,-81.1144,72.16,70,13,9.62,PE,few clouds
334,Mayo,38.8876,-76.5119,90.5,52,30,3.0,US,scattered clouds
335,Buchanan,5.8808,-10.0467,87.76,72,72,7.43,LR,broken clouds
336,Key West,24.5557,-81.7826,86.0,74,40,13.8,US,scattered clouds
337,Srednekolymsk,67.45,153.6833,59.29,41,5,13.27,RU,clear sky
338,Korla,41.7597,86.1469,81.95,20,42,8.28,CN,scattered clouds
339,Yenagoa,4.9247,6.2642,76.51,93,100,3.56,NG,overcast clouds
340,Rundu,-17.9333,19.7667,65.64,25,0,6.85,NA,clear sky
341,Koutsouras,35.0339,25.9469,72.5,52,2,17.83,GR,clear sky
342,Pisco,-13.7,-76.2167,64.45,72,47,8.05,PE,scattered clouds
343,Mabaruma,8.2,-59.7833,80.78,91,58,6.31,GY,broken clouds
344,Gigmoto,13.7796,124.39,81.93,81,77,5.75,PH,broken clouds
345,Zephyrhills,28.2336,-82.1812,89.71,69,40,8.05,US,scattered clouds
346,Kahului,20.8947,-156.47,76.84,74,1,12.66,US,clear sky
347,Praia Da Vitoria,38.7333,-27.0667,70.75,94,75,3.58,PT,broken clouds
348,Sosnovo-Ozerskoye,52.5249,111.5418,57.78,48,72,5.35,RU,broken clouds
349,Jalingo,8.8833,11.3667,88.03,56,77,4.81,NG,light rain
350,Hervey Bay,-25.2986,152.8535,57.02,79,0,3.0,AU,clear sky
351,Marsa Matruh,31.3525,27.2453,77.2,50,0,18.41,EG,clear sky
352,Victor Harbor,-35.5667,138.6167,59.47,90,19,12.12,AU,few clouds
353,Namatanai,-3.6667,152.4333,79.3,83,37,6.71,PG,light rain
354,Cherskiy,68.75,161.3,57.96,45,43,12.33,RU,scattered clouds
355,Bonavista,48.6499,-53.1147,51.8,78,95,7.72,CA,overcast clouds
356,Bathsheba,13.2167,-59.5167,86.61,58,20,20.36,BB,few clouds
357,Saint-Georges,12.0564,-61.7485,76.68,94,75,0.0,GD,broken clouds
358,College,64.8569,-147.8028,54.81,72,20,4.61,US,few clouds
359,Zhangjiakou,40.81,114.8794,64.96,43,3,3.6,CN,clear sky
360,Grindavik,63.8424,-22.4338,54.55,93,90,21.79,IS,overcast clouds
361,Rincon,32.296,-81.2354,88.25,73,75,3.67,US,broken clouds
362,Les Cayes,18.2,-73.75,85.6,65,32,11.65,HT,scattered clouds
363,Faanui,-16.4833,-151.75,80.83,73,99,8.5,PF,overcast clouds
364,Kysyl-Syr,63.8986,122.7617,45.27,85,100,3.76,RU,overcast clouds
365,Pagudpud,18.5616,120.7868,82.36,80,100,7.92,PH,overcast clouds
366,Narsaq,60.9167,-46.05,47.75,59,99,7.2,GL,overcast clouds
367,Tura,25.5198,90.2201,75.49,94,89,8.63,IN,moderate rain
368,Flin Flon,54.7682,-101.865,58.84,82,90,1.36,CA,overcast clouds
369,Salinopolis,-0.6136,-47.3561,85.48,67,9,11.52,BR,clear sky
370,Hunterville,-39.9333,175.5667,48.24,84,100,4.7,NZ,moderate rain
371,Bowmore,34.9421,-79.3031,84.27,75,1,1.01,US,clear sky
372,Mersing,2.4312,103.8405,78.71,94,93,3.44,MY,overcast clouds
373,Aswan,24.0934,32.907,95.99,9,35,15.75,EG,scattered clouds
374,Ostrovnoy,68.0531,39.5131,44.78,73,79,16.17,RU,broken clouds
375,Ayabaca,-4.6398,-79.7149,63.97,53,50,3.02,PE,scattered clouds
376,Asau,46.4333,26.4,70.72,56,78,6.06,RO,broken clouds
377,Dhidhdhoo,6.8833,73.1,82.9,77,100,15.32,MV,overcast clouds
378,Vila Velha,-20.3297,-40.2925,80.96,88,90,5.75,BR,overcast clouds
379,Victoria,22.2855,114.1577,83.32,69,67,7.76,HK,broken clouds
380,Nizwa,22.9333,57.5333,102.47,15,69,9.64,OM,broken clouds
381,Fort Nelson,58.8053,-122.7002,49.59,76,75,2.3,CA,broken clouds
382,Molln,53.6333,10.6833,78.48,60,91,9.22,DE,overcast clouds
383,Muros,42.7762,-9.0603,80.69,46,7,16.17,ES,clear sky
384,Fuengirola,36.54,-4.6247,74.28,74,40,4.18,ES,scattered clouds
385,Cooma,-36.2333,149.1333,37.17,75,26,4.09,AU,scattered clouds
386,Half Moon Bay,37.4636,-122.4286,67.23,72,1,1.99,US,mist
387,Naze,28.3667,129.4833,72.43,87,100,2.8,JP,light rain
388,Dunedin,-45.8742,170.5036,50.81,60,100,14.0,NZ,overcast clouds
389,Shelby,35.2001,-89.8668,84.02,75,100,1.01,US,overcast clouds
390,Codrington,-38.2667,141.9667,52.97,90,100,7.78,AU,overcast clouds
391,Wadena,46.4425,-95.1361,87.84,42,1,4.61,US,clear sky
392,Auki,-8.7676,160.7034,76.53,85,100,3.0,SB,overcast clouds
393,Buala,-8.145,159.5921,79.29,82,92,3.36,SB,overcast clouds
394,Gushikawa,26.3544,127.8686,78.8,94,75,8.57,JP,broken clouds
395,Cartagena Del Chaira,1.3349,-74.8429,85.91,59,43,0.58,CO,scattered clouds
396,Port Shepstone,-30.7414,30.455,62.96,70,2,8.39,ZA,clear sky
397,Hasaki,35.7333,140.8333,66.6,81,100,5.41,JP,overcast clouds
398,Roald,62.5833,6.1333,72.1,82,75,10.36,NO,broken clouds
399,Coffs Harbour,-30.3,153.1333,47.14,94,4,3.44,AU,clear sky
400,Roma,43.2128,-75.4557,84.85,49,1,1.99,US,clear sky
401,Bereda,43.2686,-7.5406,76.41,58,9,7.96,ES,clear sky
402,Margate,51.3813,1.3862,71.46,82,66,3.71,GB,broken clouds
403,Gavrilov-Yam,57.3018,39.8533,73.24,71,29,5.26,RU,scattered clouds
404,Andenes,69.3143,16.1194,50.47,81,27,10.36,NO,scattered clouds
405,Otradnoye,59.7775,30.8181,75.56,49,76,4.43,RU,broken clouds
406,Lastoursville,-0.8143,12.7287,79.41,82,99,2.13,GA,light rain
407,Tezu,27.9167,96.1667,71.85,96,100,2.84,IN,overcast clouds
408,Saint Anthony,45.0205,-93.218,88.93,45,1,1.01,US,clear sky
409,Darhan,49.4867,105.9228,69.26,47,100,9.89,MN,overcast clouds
410,Ellisras,-23.6649,27.7443,57.22,32,0,7.07,ZA,clear sky
411,Lebanon,36.2081,-86.2911,84.9,60,1,0.0,US,clear sky
412,North Platte,41.1239,-100.7654,81.32,62,1,4.61,US,clear sky
413,Khorixas,-20.3667,14.9667,73.74,19,0,11.92,NA,clear sky
414,Mumford,5.2618,-0.759,82.27,74,93,13.27,GH,overcast clouds
415,Komsomolskiy,40.4272,71.7189,93.92,20,8,6.91,UZ,clear sky
416,Weiser,44.251,-116.9693,77.02,31,43,6.67,US,scattered clouds
417,Aksu,41.1231,80.2644,83.34,16,23,9.75,CN,few clouds
418,Gat,31.61,34.7642,78.4,43,0,11.7,IL,clear sky
419,Omsukchan,62.5333,155.8,35.08,95,99,9.15,RU,overcast clouds
420,Burla,21.5,83.8667,84.94,58,82,7.38,IN,moderate rain
421,Palmer,42.1584,-72.3287,87.48,57,20,1.01,US,few clouds
422,Cayenne,4.9333,-52.3333,81.09,86,75,1.99,GF,broken clouds
423,Hirara,24.8,125.2833,82.54,86,100,29.68,JP,overcast clouds
424,Hofn,64.2539,-15.2082,48.9,81,97,4.81,IS,overcast clouds
425,Okhotsk,59.3833,143.3,38.75,92,98,3.38,RU,overcast clouds
426,Rio Grande,-32.035,-52.0986,71.71,71,21,5.5,BR,few clouds
427,Pecos,31.4229,-103.4932,80.31,47,1,0.0,US,clear sky
428,Zhigalovo,54.8097,105.1578,61.21,94,80,4.45,RU,light rain
429,Black River,18.0264,-77.8487,86.99,56,1,11.61,JM,clear sky
430,Dunnville,42.9001,-79.6163,85.23,71,58,19.39,CA,broken clouds
431,Ostersund,63.1792,14.6357,74.61,31,93,11.5,SE,overcast clouds
432,Neuquen,-38.9516,-68.0591,51.69,50,0,9.22,AR,clear sky
433,Maceio,-9.6658,-35.7353,78.24,83,75,14.74,BR,broken clouds
434,Awbari,26.5921,12.7805,99.9,10,0,15.75,LY,clear sky
435,Evanston,42.0411,-87.6901,85.71,50,1,8.01,US,clear sky
436,Imbituba,-28.24,-48.6703,76.89,57,0,11.34,BR,clear sky
437,Pitsunda,43.1592,40.3378,62.78,78,96,6.44,GE,overcast clouds
438,Volsk,52.0333,47.3833,61.18,84,98,10.74,RU,overcast clouds
439,Kasongo,-4.45,26.6667,81.03,50,29,2.46,CD,scattered clouds
440,Jizan,17.3333,42.6667,92.34,45,0,8.19,SA,clear sky
441,Canico,32.6333,-16.85,72.72,63,40,12.12,PT,scattered clouds
442,Belogorsk,50.9158,128.4611,49.03,68,5,6.78,RU,clear sky
443,Tiarei,-17.5333,-149.3333,77.02,78,77,9.91,PF,broken clouds
444,Ballaghaderreen,53.9,-8.5833,57.81,74,99,7.96,IE,overcast clouds
445,Jalu,29.0331,21.5482,89.96,13,0,13.69,LY,clear sky
446,Lapua,62.9693,23.0088,75.0,44,55,4.21,FI,broken clouds
447,Vero Beach,27.6386,-80.3973,88.05,75,75,1.01,US,broken clouds
448,Cardston,49.2,-113.3019,69.46,27,53,9.22,CA,broken clouds
449,Ilulissat,69.2167,-51.1,46.45,57,7,8.57,GL,clear sky
450,San Jose,37.3394,-121.895,68.27,70,20,1.01,US,few clouds
451,Buckeye,33.3703,-112.5838,96.42,13,5,5.35,US,clear sky
452,Saint John,45.2727,-66.0677,77.38,81,40,12.3,CA,scattered clouds
453,Hurricane,37.1753,-113.2899,90.59,14,4,3.8,US,clear sky
454,Russell,32.3502,-85.1999,85.71,67,1,3.47,US,clear sky
455,San Rafael,-34.6177,-68.3301,53.89,52,0,7.05,AR,clear sky
456,Pitimbu,-7.4706,-34.8086,84.79,65,15,13.38,BR,few clouds
457,Gweta,-20.1833,25.2333,63.32,27,0,10.0,BW,clear sky
458,Barabai,-2.5833,115.3833,77.09,84,75,1.7,ID,broken clouds
459,Pagegiai,55.1381,21.9089,67.62,71,40,6.73,LT,scattered clouds
460,Shakiso,5.75,38.9167,61.2,92,96,3.36,ET,light rain
461,Trujillo,-8.116,-79.03,66.16,88,90,4.61,PE,mist
462,Yumen,40.2833,97.2,70.2,40,100,17.31,CN,overcast clouds
463,Morwell,-38.2333,146.4,52.68,78,88,5.35,AU,overcast clouds
464,Kalianget,-7.05,113.9333,81.59,75,54,9.69,ID,broken clouds
465,La Ronge,55.1001,-105.2842,64.65,59,75,5.75,CA,broken clouds
466,Mandan,46.8267,-100.8896,90.03,41,1,6.91,US,clear sky
467,Richards Bay,-28.783,32.0377,61.68,80,18,6.85,ZA,light rain
468,Harper,4.375,-7.7169,82.04,78,56,10.07,LR,light rain
469,Kristiansund,63.1115,7.732,66.25,63,0,13.8,NO,clear sky
470,Ornskoldsvik,63.2909,18.7153,73.22,40,90,4.52,SE,overcast clouds
471,Batagay-Alyta,67.8006,130.4114,38.98,87,100,10.6,RU,light rain
472,Wana,32.2989,69.5725,79.34,42,21,3.96,PK,few clouds
473,General Roca,-39.0333,-67.5833,52.2,33,0,22.15,AR,clear sky
474,Belaya Gora,68.5333,146.4167,66.36,36,71,15.66,RU,broken clouds
475,Bubaque,11.2833,-15.8333,79.48,82,87,10.49,GW,overcast clouds
476,Qaqortoq,60.7167,-46.0333,42.1,72,99,5.59,GL,overcast clouds
477,Panacan,9.2463,118.4082,80.71,82,96,3.83,PH,overcast clouds
478,Verkhoyansk,67.5447,133.385,49.06,87,100,4.38,RU,moderate rain
479,Santiago Del Estero,-27.7951,-64.2615,72.66,59,99,14.12,AR,overcast clouds
480,Lagos,6.5833,3.75,84.52,90,98,5.19,NG,moderate rain
481,Banikoara,11.2985,2.4386,103.55,23,3,2.21,BJ,clear sky
482,Oum Hadjer,13.2954,19.6966,103.48,14,93,9.42,TD,overcast clouds
483,Paranavai,-23.0731,-52.4653,81.81,37,0,13.02,BR,clear sky
484,Victoria Point,-27.5833,153.3,55.9,88,0,3.0,AU,clear sky
485,Tual,-5.6667,132.75,81.0,77,92,18.32,ID,overcast clouds
486,Mut,36.6439,33.4389,76.35,31,61,11.48,TR,broken clouds
487,Cabedelo,-6.9811,-34.8339,84.87,68,16,14.36,BR,few clouds
488,Torrington,41.8007,-73.1212,87.98,60,47,1.99,US,scattered clouds
489,Kobyli,48.9329,16.8916,80.65,66,71,4.43,CZ,broken clouds
490,Innisfail,-17.5333,146.0333,64.09,84,60,4.0,AU,broken clouds
491,Talcahuano,-36.7167,-73.1167,49.68,76,0,6.91,CL,clear sky
492,Viedma,-40.8135,-62.9967,56.8,40,0,13.31,AR,clear sky
493,Port Macquarie,-31.4333,152.9167,46.38,79,25,4.65,AU,scattered clouds
494,Lesnoy,57.6198,63.0784,62.35,57,17,8.57,RU,few clouds
495,Namie,37.4833,141.0,66.72,92,100,3.85,JP,overcast clouds
496,Bida,9.0833,6.0167,91.4,45,28,8.37,NG,scattered clouds
497,Bam,29.106,58.357,99.59,5,1,5.93,IR,clear sky
498,Kainantu,-6.2887,145.8655,60.53,98,94,0.81,PG,overcast clouds
499,Sept-Iles,50.2001,-66.3821,49.24,95,90,5.99,CA,mist
500,Jinchang,38.4953,102.1739,78.96,10,90,8.3,CN,overcast clouds
501,Payo,-3.7508,103.6372,73.36,95,13,2.39,ID,few clouds
502,Caledon,-34.23,19.4265,56.07,57,0,3.13,ZA,clear sky
503,Peleduy,59.6289,112.7406,51.64,92,100,7.45,RU,light rain
504,Wote,-1.7808,37.6288,68.25,66,59,2.59,KE,broken clouds
505,Miram Shah,33.0086,70.0697,87.93,33,54,2.26,PK,broken clouds
506,Hay River,60.8156,-115.7999,42.76,93,75,3.44,CA,broken clouds
507,Lumeje,-11.55,20.7833,69.51,36,100,4.52,AO,overcast clouds
508,Statesboro,32.4488,-81.7832,87.94,61,1,0.0,US,clear sky
509,Klaeng,12.7797,101.6483,88.14,95,100,5.12,TH,overcast clouds
510,Kerman,30.2832,57.0788,94.86,7,20,12.41,IR,few clouds
511,Gijon,43.5357,-5.6615,68.25,76,19,11.01,ES,few clouds
512,Mikhaylovka,50.06,43.2379,57.31,90,100,9.24,RU,overcast clouds
513,Ankpa,7.3706,7.6253,80.53,66,99,7.76,NG,overcast clouds
514,Grimshaw,56.1834,-117.6027,59.02,51,40,13.76,CA,scattered clouds
515,Acarau,-2.8856,-40.12,87.44,53,0,11.36,BR,clear sky
516,Cravo Norte,6.3017,-70.2041,80.62,80,91,3.49,CO,overcast clouds
517,Valdemarpils,57.3707,22.5919,67.42,45,35,6.26,LV,scattered clouds
518,Kaeo,-35.1,173.7833,60.33,94,100,15.88,NZ,light rain
519,Muroto,33.2833,134.15,65.52,89,100,14.72,JP,overcast clouds
520,Urengoy,65.9667,78.3667,37.98,65,88,17.02,RU,overcast clouds
521,Enumclaw,47.2043,-121.9915,56.1,91,100,4.0,US,overcast clouds
522,Huambo,-12.7761,15.7392,78.6,22,0,4.61,AO,clear sky
523,Ridgecrest,35.6225,-117.6709,88.43,21,1,0.0,US,clear sky
524,Goulburn,-34.75,149.7167,36.64,65,84,14.7,AU,broken clouds
525,Caravelas,-17.7125,-39.2481,78.31,75,38,8.77,BR,scattered clouds
526,Paris,48.8534,2.3488,70.95,68,90,1.01,FR,overcast clouds
527,Santa Isabel,-23.3156,-46.2214,77.76,38,0,4.59,BR,clear sky
528,Norman Wells,65.282,-126.8329,46.44,81,75,13.8,CA,light rain
529,Padang,-0.9492,100.3543,76.17,86,100,4.16,ID,overcast clouds
530,Sangar,63.9242,127.4739,48.72,79,94,13.15,RU,overcast clouds
531,Ravar,31.2656,56.8055,94.37,7,0,3.04,IR,clear sky
532,Kovdor,67.5662,30.4758,59.67,49,46,11.41,RU,scattered clouds
533,Manzhouli,49.6,117.4333,60.01,47,5,2.13,CN,clear sky
534,Ballina,-28.8667,153.5667,50.95,91,13,0.0,AU,few clouds
535,Flic En Flac,-20.2742,57.3631,74.52,75,13,9.28,MU,few clouds
536,Kizema,61.113,44.8302,74.61,46,22,3.38,RU,few clouds
537,Tonneins,44.3921,0.3124,74.43,58,10,5.03,FR,clear sky
538,Bowen,-20.0167,148.2333,52.02,71,44,7.99,AU,scattered clouds
539,Sanford,28.8006,-81.2731,90.28,68,20,4.0,US,few clouds
540,Baltasi,56.3462,50.2062,62.94,71,1,6.31,RU,clear sky
541,Nemuro,43.3236,145.575,52.9,81,50,16.04,JP,scattered clouds
542,Kidodi,-7.6036,37.0044,70.36,91,87,3.67,TZ,light rain
543,Campbell River,50.0163,-125.2446,54.32,90,75,2.3,CA,broken clouds
544,Joutseno,61.118,28.5076,73.45,53,100,2.04,FI,overcast clouds
545,Esil,51.9556,66.4042,60.4,37,16,8.39,KZ,few clouds
546,Port Augusta,-32.5,137.7667,47.71,73,5,5.14,AU,clear sky
547,Imeni Poliny Osipenko,52.4201,136.4853,37.26,95,56,4.99,RU,broken clouds
548,Xining,36.6167,101.7667,60.4,35,100,2.46,CN,overcast clouds
549,Pendleton,45.6721,-118.7886,67.91,45,1,1.99,US,clear sky
550,Kurilsk,45.2333,147.8833,51.76,73,4,7.16,RU,clear sky
551,Madingou,-4.1536,13.55,88.97,53,76,1.61,CG,broken clouds
552,Baba Ana,44.9667,26.45,78.85,58,81,3.8,RO,broken clouds
553,Morristown,36.214,-83.2949,84.83,61,1,0.0,US,clear sky
554,Domoni,-12.2569,44.5319,78.19,76,98,14.85,KM,light rain
555,Paamiut,61.994,-49.6678,37.96,92,100,6.02,GL,light rain
556,Krasnovishersk,60.4078,57.082,68.34,49,8,7.61,RU,clear sky
557,Mehamn,71.0357,27.8492,42.57,74,70,17.27,NO,broken clouds
558,Gibsons,49.3997,-123.5027,59.07,80,90,7.02,CA,overcast clouds
559,High Level,58.5169,-117.136,59.11,72,20,0.6,CA,few clouds
560,Pokrovsk,48.282,37.1758,61.99,80,94,8.55,UA,overcast clouds
561,Inayagan,10.2348,123.769,80.55,86,62,1.45,PH,broken clouds
562,Cochrane,51.1834,-114.4687,61.21,64,90,2.42,CA,overcast clouds
563,Qasigiannguit,68.8193,-51.1922,49.91,51,17,11.97,GL,few clouds
564,Husavik,66.0449,-17.3389,64.31,66,52,5.21,IS,broken clouds
565,Nouakchott,18.0858,-15.9785,103.93,40,6,11.3,MR,clear sky
566,Beringovskiy,63.05,179.3167,40.39,82,100,7.87,RU,overcast clouds
567,Port Keats,-14.25,129.55,68.04,37,4,8.72,AU,clear sky
568,Batticaloa,7.7102,81.6924,82.62,73,81,2.93,LK,broken clouds
569,Petrovsk-Zabaykalskiy,51.273,108.843,61.41,52,83,3.29,RU,broken clouds
570,Beyneu,45.3167,55.2,86.94,32,27,19.82,KZ,scattered clouds
571,Matara,5.9485,80.5353,79.0,87,85,11.36,LK,overcast clouds
572,Luena,-11.7833,19.9167,66.16,35,100,4.29,AO,overcast clouds
573,Ullapool,57.8987,-5.1604,65.75,81,92,5.46,GB,overcast clouds
574,Oranjemund,-28.55,16.4333,73.08,22,0,15.7,NA,clear sky
575,Acapulco,16.8634,-99.8901,86.32,60,93,2.95,MX,overcast clouds
576,Baykit,61.67,96.37,39.11,73,24,3.58,RU,few clouds
577,Gwanda,-20.9333,29.0,52.48,63,20,10.0,ZW,few clouds
578,Talakan,50.3167,130.3667,47.46,95,81,1.28,RU,broken clouds
579,Gazimurskiy Zavod,51.5461,118.3266,52.25,68,24,3.04,RU,few clouds
580,Siderno,38.2779,16.302,79.77,47,88,6.24,IT,overcast clouds
581,Novobirilyussy,56.9514,90.6661,44.87,61,51,5.86,RU,broken clouds
582,Turukhansk,65.8167,87.9833,36.25,95,99,13.69,RU,overcast clouds
583,Tiznit,29.5833,-9.5,72.99,47,0,11.48,MA,clear sky
584,Karratha,-20.7377,116.8463,73.18,73,8,8.43,AU,clear sky
585,Forbes,-33.3833,148.0167,37.92,67,86,3.09,AU,overcast clouds
586,Rio Gallegos,-51.6226,-69.2181,32.05,93,0,6.91,AR,clear sky
587,Powell,40.1578,-83.0752,84.9,49,1,4.0,US,clear sky
588,Maihar,24.2667,80.75,87.03,51,67,10.18,IN,broken clouds
589,Bilibino,68.0546,166.4372,52.88,56,95,6.4,RU,overcast clouds
590,Ginda,30.6945,78.4932,67.24,57,92,4.81,IN,overcast clouds
591,Stepnyak,52.8339,70.7803,53.8,44,2,2.77,KZ,clear sky
592,Mankono,8.0586,-6.1897,95.11,38,24,7.4,CI,few clouds
593,Manokwari,-0.8667,134.0833,77.52,83,100,4.32,ID,overcast clouds
594,Kindu,-2.95,25.95,80.29,69,78,2.17,CD,broken clouds
595,Gannan,47.9147,123.5031,51.94,89,10,6.89,CN,clear sky
596,Dok Kham Tai,19.1624,99.9934,75.34,92,100,1.07,TH,moderate rain
597,Bazarnyye Mataki,54.8833,49.9333,58.46,75,48,6.78,RU,scattered clouds
598,Yining,29.0361,114.5636,65.62,76,15,2.68,CN,few clouds
599,Kyaikkami,16.08,97.5675,81.43,83,100,12.77,MM,heavy intensity rain
600,Jiayuguan,39.8167,98.3,70.83,36,100,23.55,CN,moderate rain
601,Tomatlan,19.9333,-105.25,88.34,53,99,2.71,MX,overcast clouds
602,Pryazha,61.6926,33.6216,74.43,49,98,2.46,RU,overcast clouds
603,Umea,63.8284,20.2597,67.93,60,0,10.36,SE,clear sky
604,Illapel,-31.6308,-71.1653,69.03,53,61,4.85,CL,broken clouds
605,Tynda,55.1667,124.7167,49.01,61,0,2.01,RU,clear sky
606,Tougue,11.4667,-11.6,96.39,21,35,8.14,GN,scattered clouds
607,Kutum,14.2,24.6667,92.48,11,24,15.86,SD,few clouds
608,Saryg-Sep,51.5,95.6,45.88,82,89,3.18,RU,overcast clouds
609,Luanda,-8.8368,13.2343,82.4,74,20,10.36,AO,few clouds
610,Suntar,62.1444,117.6319,49.98,71,100,2.48,RU,overcast clouds
611,Zyryanka,65.75,150.85,55.22,45,0,27.31,RU,clear sky
612,Morehead,37.2711,-87.1764,83.86,58,40,0.0,US,scattered clouds
613,Lamu,-2.2717,40.902,78.49,80,54,14.29,KE,broken clouds
614,Lompoc,34.6391,-120.4579,60.93,86,90,5.28,US,mist
615,Lhokseumawe,5.1801,97.1507,77.67,87,62,4.05,ID,broken clouds
616,Gillette,44.2911,-105.5022,85.24,37,1,1.01,US,clear sky
617,Koslan,63.4564,48.8989,74.88,34,13,7.38,RU,few clouds
618,Huilong,31.8111,121.655,75.04,73,6,12.97,CN,light rain
619,Shaunavon,49.6501,-108.4181,69.58,24,78,17.34,CA,broken clouds
620,Krasnorechenskiy,44.6265,135.3532,50.47,88,73,0.51,RU,broken clouds
621,Zhongshu,24.5167,103.7667,63.48,93,40,3.0,CN,light rain
622,Cedar City,37.6775,-113.0619,82.4,19,1,0.0,US,clear sky
623,San Juan,-31.5375,-68.5364,68.72,43,99,13.2,AR,overcast clouds
624,Palana,59.1167,159.9667,43.61,91,100,5.66,RU,overcast clouds
625,Bambanglipuro,-7.95,110.2833,62.6,90,89,4.36,ID,overcast clouds
626,Tazmalt,36.3868,4.3989,90.37,31,97,7.25,DZ,overcast clouds
627,Popondetta,-8.7537,148.2534,72.48,96,100,2.95,PG,overcast clouds
628,Ouango,4.3133,22.5552,76.32,82,93,1.95,CF,overcast clouds
629,Dire Dawa,9.5931,41.8661,80.31,42,65,3.74,ET,broken clouds
630,Barretos,-20.5572,-48.5678,86.31,26,4,9.53,BR,clear sky
631,Itapetinga,-15.2489,-40.2478,82.45,52,56,9.71,BR,broken clouds
632,New Albany,38.2856,-85.8241,84.29,55,20,1.01,US,few clouds
633,Chik,54.9928,82.4311,55.18,71,0,10.38,RU,clear sky
634,Mbour,14.422,-16.9638,86.85,65,47,13.58,SN,scattered clouds
635,Vondrozo,-22.8167,47.2833,61.77,95,80,4.03,MG,light rain
636,Linguere,15.3953,-15.1193,104.22,25,46,4.61,SN,dust
637,Ouegoa,-20.35,164.4333,70.84,87,100,8.95,NC,overcast clouds
638,Jacqueville,5.2052,-4.4146,85.91,76,100,11.61,CI,overcast clouds
639,Adrar,20.5022,-10.0711,104.74,12,4,19.55,MR,clear sky
640,Telfs,47.3,11.0667,66.36,99,100,5.61,AT,moderate rain
641,Storforshei,66.4043,14.5233,71.38,30,0,4.18,NO,clear sky
642,Williams Lake,52.1415,-122.1445,53.17,56,75,1.99,CA,broken clouds
643,Bolshaya Sosnova,57.6713,54.6029,62.85,61,17,5.37,RU,few clouds
644,Medvedka,61.1629,46.387,73.83,50,52,4.41,RU,broken clouds
645,Serik,36.9169,31.0989,80.85,42,5,8.9,TR,clear sky
646,Conceicao Do Araguaia,-8.2578,-49.2647,91.53,43,0,8.88,BR,clear sky
647,Port Blair,11.6667,92.75,83.84,77,100,11.43,IN,overcast clouds
648,Jiuquan,39.7432,98.5174,73.81,33,100,18.21,CN,light rain
649,Baculin,7.4525,126.5842,78.6,86,96,4.54,PH,moderate rain
650,Inverness,57.4791,-4.224,66.11,60,20,3.0,GB,few clouds
